<?xml version='1.0' encoding='ISO-8859-1'?>
<index version="2.0">
	<indexitem text="jsoko"  target="jsoko" />
	<indexitem text="jsoko.installation"  target="jsoko.installation" />
	<indexitem text="jsoko.how-to-play"  target="jsoko.how-to-play" />
	<indexitem text="jsoko.distribution-license"  target="jsoko.distribution-license" />
	<indexitem text="jsoko.release-notes"  target="jsoko.release-notes" />
	<indexitem text="jsoko.frequently-asked-questions"  target="jsoko.frequently-asked-questions" />
	<indexitem text="jsoko.credits"  target="jsoko.credits" />
	<indexitem text="sokoban"  target="sokoban" />
	<indexitem text="sokoban.the-sokoban-game"  target="sokoban.the-sokoban-game" />
	<indexitem text="sokoban.level-format"  target="sokoban.level-format" />
	<indexitem text="sokoban.levels"  target="sokoban.levels" />
	<indexitem text="sokoban.deadlocks"  target="sokoban.deadlocks" />
	<indexitem text="menu"  target="menu" />
	<indexitem text="menu.level-menu"  target="menu.level-menu" />
	<indexitem text="menu.solver-menu"  target="menu.solver-menu" />
	<indexitem text="menu.optimizer-menu"  target="menu.optimizer-menu" />
	<indexitem text="menu.editor-menu"  target="menu.editor-menu" />
	<indexitem text="menu.database-menu"  target="menu.database-menu" />
	<indexitem text="menu.moves-menu"  target="menu.moves-menu" />
	<indexitem text="menu.solutions-menu"  target="menu.solutions-menu" />
	<indexitem text="menu.view-menu"  target="menu.view-menu" />
	<indexitem text="menu.view-menu.skin-menu"  target="menu.view-menu.skin-menu" />
	<indexitem text="menu.view-menu.transformation-menu"  target="menu.view-menu.transformation-menu" />
	<indexitem text="menu.settings-menu"  target="menu.settings-menu" />
	<indexitem text="menu.info-menu"  target="menu.info-menu" />
	<indexitem text="menu.toolbar"  target="menu.toolbar" />
	<indexitem text="solutions-sidebar"  target="solutions-sidebar" />
	<indexitem text="solver"  target="solver" />
	<indexitem text="optimizer"  target="optimizer" />
	<indexitem text="database"  target="database" />
	<indexitem text="database"  target="database" />
	<indexitem text="database.levels-tab"  target="database.levels-tab" />
	<indexitem text="database.authors-tab"  target="database.authors-tab" />
	<indexitem text="database.collections-tab"  target="database.collections-tab" />
	<indexitem text="database.collection-levels-tab"  target="database.collection-levels-tab" />
	<indexitem text="editor"  target="editor" />
	<indexitem text="game-view"  target="game-view" />
	<indexitem text="translator"  target="translator" />
</index>
