<?xml version='1.0' encoding='ISO-8859-1'?>
<!DOCTYPE toc PUBLIC "-//Sun Microsystems Inc.//DTD JavaHelp TOC Version 2.0//EN"
                     "http://java.sun.com/products/javahelp/toc_2_0.dtd">

<toc version="2.0">
	<tocitem text="JSoko" 				target="jsoko">
		<tocitem text="Installation" 			target="jsoko.installation" />
		<tocitem text="How to play" 			target="jsoko.how-to-play" />
		<tocitem text="Distribution &amp; License" 	target="jsoko.distribution-license" />		
		<tocitem text="Release notes" 			target="jsoko.release-notes" />
		<tocitem text="Frequently asked questions"	target="jsoko.frequently-asked-questions" />
		<tocitem text="Credits" 			target="jsoko.credits" />				
	</tocitem>

	<tocitem text="Sokoban"	 			target="sokoban">
		<tocitem text="The Sokoban game"		target="sokoban.the-sokoban-game" />
		<tocitem text="Level format"			target="sokoban.level-format" />
		<tocitem text="Levels" 				target="sokoban.levels" />
		<tocitem text="Deadlocks" 			target="sokoban.deadlocks" />
	</tocitem>

	<tocitem text="Menu" 				target="menu">
		<tocitem text="Level menu"			target="menu.level-menu" />
		<tocitem text="Solver menu" 			target="menu.solver-menu" />
		<tocitem text="Optimizer menu" 			target="menu.optimizer-menu" />
		<tocitem text="Editor menu" 			target="menu.editor-menu" />
		<tocitem text="Database menu" 			target="menu.database-menu" />
		<tocitem text="Moves menu" 			target="menu.moves-menu" />
		<tocitem text="Solutions menu" 			target="menu.solutions-menu" />
		<tocitem text="View menu" 			target="menu.view-menu" />
		<tocitem text="Skin menu" 			target="menu.view-menu.skin-menu" />
		<tocitem text="Transformation menu" 		target="menu.view-menu.transformation-menu" />
		<tocitem text="Settings menu" 			target="menu.settings-menu" />
		<tocitem text="Info menu" 			target="menu.info-menu" />
		<tocitem text="Toolbar" 			target="menu.toolbar" />
	</tocitem>

	<tocitem text="Solutions sidebar" 		target="solutions-sidebar" />

	<tocitem text="Solver" 				target="solver" />
		
	<tocitem text="Optimizer" 			target="optimizer" />

	<tocitem text="Database" 			target="database">
		<tocitem text="Database"	      		target="database" />
		<tocitem text="Levels tab"	      		target="database.levels-tab" />
		<tocitem text="Authors tab" 	      		target="database.authors-tab" />
		<tocitem text="Collections tab"       		target="database.collections-tab" />
		<tocitem text="Collection levels tab" 		target="database.collection-levels-tab" />
	</tocitem>

	<tocitem text="	Editor" 			target="editor" />

	<tocitem text="Game view" 		  	target="game-view" />

	<tocitem text="Translator" 		  	target="translator" />
</toc>
